{"categories":{"Japan":{"lidar_jp_aerial":{"zoom":0,"radius":3},"lidar_jp_plain":{"zoom":0,"radius":3}},"Global":{"bing_plain":{"zoom":0,"radius":3},"yandex_aerial":{"zoom":0,"radius":3},"yandex_plain":{"zoom":0,"radius":3},"osm":{"zoom":0,"radius":3},"bing_aerial":{"zoom":0,"radius":3}},"Korea":{"kakao_aerial":{"zoom":0,"radius":3},"kakao_plain":{"zoom":0,"radius":3},"naver_aerial":{"zoom":0,"radius":3},"tmap_plain":{"zoom":0,"radius":3},"naver_plain":{"zoom":0,"radius":3}},"Taiwan":{"emap_tw":{"zoom":0,"radius":3},"orthoimage_tw":{"zoom":0,"radius":3},"tp_aerial_tw":{"zoom":0,"radius":3},"tp_1ktd_tw":{"zoom":0,"radius":3}}}}